{
    "ver": "4.0",
    "name": "REPLACETITLE",
    "time": "REPLACETIME",
    "iKey": "o:0890af88a9ed4cc886a14f5e174a2827",
    "ext": {
        "utc": {
            "shellId": 1,
            "eventFlags": 1,
            "pgName": "XBOX",
            "flags": 1,
            "epoch": "1",
            "seq": REPLACESEQ
        },
        "privacy": {
            "dataType": 33554432,
            "isRequired": false
        },
        "metadata": {
            "f": {
                "baseData": {
                    "f": {
                        "ver": 2
                    }
                }
            },
            "privTags": 33554432,
            "policies": 0
        },
        "os": {
            "bootId": 1,
            "name": "1",
            "ver": "1",
            "expId": "1"
        },
        "app": {
            "id": "U:Bungie.Destiny2PCbasegame_0.3.29627.0_x64__8xb1a0vv8ay84!Destiny2",
            "ver": "0.3.29627.0_x64_!2024/06/13:00:35:51!7368303!destiny2.exe",
            "is1P": 1,
            "asId": 1
        },
        "device": {
            "localId": "s:11111111-1111-1111-1111-111111111111",
            "deviceClass": "Windows.Desktop"
        },
        "protocol": {
            "devMake": "1",
            "devModel": "1",
            "ticketKeys": [
                "1"
            ]
        },
        "user": {
            "localId": "m:1111111111111111"
        },
        "loc": {
            "tz": "00:00"
        }
    },
    "data": {
        "baseType": "Microsoft.XboxLive.InGame",
        "baseData": {
            "measurements": {
                "PlayerSessionId": "{00000000-0000-0000-0000-000000000000}",
                "UserId": "1"
            },
            "name": "REPLACENAME",
            "playerSessionId": "5C201E5D-5D69-41E7-A6D7-4281CAB25565",
            "properties": {},
            "serviceConfigId": "bcc90100-31ff-42bd-b545-90cd089b36d8",
            "titleId": 144389848,
            "userId": "REPLACEXUID",
            "ver": 1
        }
    }
}
